titulo,dificultad,num_comensales,tiempo_preparacion,autor,fecha
Tortilla de patatas,Facil,4,45,Ana Garcia,2026-01-15
Paella valenciana,Media,6,90,Carlos Lopez,2026-01-20
Gazpacho andaluz,Facil,4,20,Lucia Martin,2026-02-03
Croquetas de jamon,Media,4,60,Marta Sanchez,2026-02-10
Lasaña de carne,Media,6,75,Pedro Ruiz,2026-02-18
Ensalada griega,Facil,2,15,Elena Torres,2026-02-25
Arroz con leche,Facil,6,50,Diego Navarro,2026-03-02
Salmón al horno,Facil,4,35,Sofia Romero,2026-03-08
Fabada asturiana,Dificil,6,150,Jorge Diaz,2026-03-16
Tarta de queso,Media,8,70,Clara Molina,2026-03-22
